id	meta
doi:10.1145/1600193.1600232	3
doi:10.1007/978-3-319-25639-9_35	5
doi:10.1016/j.websem.2017.06.001	6
doi:10.1145/1774088.1774262	17
