"id","meta"
"doi:10.1145/1600193.1600232","0603"
"doi:10.1007/978-3-319-25639-9_35","0605"
"doi:10.1016/j.websem.2017.06.001","0606"
"doi:10.1145/1774088.1774262","06020"
":",""
"issn:1570-8268","06012"
